"id","name"
12,"Strenuus"
26,"Mercer"
29,"Florida Blue"
30,"Humana"
31,"UnitedHealthcare (UHC)"
33,"Wellmark BCBS"
34,"Mutual of Omaha"
35,"Bluegrass Family Health"
36,"BCBS Tennessee"
37,"PacificSource"
39,"Coventry of Kansas"
40,"Beech Street"
41,"Blue Shield of CA"
42,"CIGNA"
43,"Trinity Health"
45,"1st Medical Network"
48,"Carefirst BCBS"
49,"GEHA"
50,"HAP"
51,"Aetna"
52,"PPOM"
53,"Health Net"
54,"BCBS Georgia"
56,"BCBS Rhode Island"
57,"Altius"
58,"BCBS Association"
59,"Interplan Health Group"
60,"Regence BCBS"
62,"Amerigroup"
63,"LexisNexis"
64,"Capital District PHP (CDPHP)"
65,"HCSC"
66,"Trustmark"
67,"BCBS North Carolina"
68,"Quest Analytics"
69,"HealthPlus of Michigan"
70,"BCBS Arizona"
72,"Highmark BCBS"
73,"BCBS of Massachusetts"
75,"NationsHealth"
76,"Anthem OH"
78,"Horizon BCBS"
81,"Med Advantage"
82,"Medical Mutual of Ohio (MMOH)"
83,"BCBS New Mexico"
84,"Emblem Health"
85,"Excellus BlueCross BlueShield"
86,"Harvard Pilgrim"
87,"Empire BCBS"
88,"Premera BCBS"
91,"MetLife"
92,"Independence Blue Cross"
95,"Anthem Dental"
96,"Word & Brown"
97,"WellPath"
98,"Group Health Plan"
99,"Coventry Health Care of Illinois, Inc."
100,"Amerihealth"
101,"Delta Dental"
102,"BCBSM"
103,"HealthPartners of MN"
105,"Consortium Health Plans"
106,"Coventry of Nebraska"
107,"HealthGrades"
108,"HealthAmerica"
109,"Premier Access"
110,"Anthem of CT"
111,"BCBS Oklahoma"
112,"Carelink"
113,"BCBS Nebraska"
114,"Coventry"
116,"Leavitt"
117,"NovaNet"
118,"Tenet Healthcare"
119,"Molina"
120,"Alliant Insurance"
121,"BCBS Texas"
122,"First Health"
123,"Concentra"
124,"Presscott Associates"
128,"Lockton"
129,"Mercy Health Plans"
131,"AvMed"
132,"Healthcare.com"
133,"Viant"
134,"Geisinger/The Health Plan"
136,"Delta Dental Association"
137,"Guardian Life"
138,"Broker"
140,"HealthMarkets"
142,"Ameritas Life Insurance Corp."
143,"World Research Group"
144,"Anthem Virginia"
145,"BCBS of Missouri"
146,"BCBS Wisconsin"
147,"BCBS of Illinois"
148,"Multiplan"
149,"Capital BlueCross"
150,"BCBS of Minnesota"
151,"Connecticare"
152,"BCBS of Kansas"
153,"BCBS of Kansas City"
154,"Blue Cross of Idaho"
155,"Kaiser Washington"
156,"Blue Cross of California"
157,"UniCare"
159,"Presbyterian Health Plan"
160,"PHCS"
163,"Point32"
165,"CCN"
167,"First Choice Health Network"
168,"Providence Health Plans"
169,"PreferredOne"
172,"Lifewise WA"
173,"EyeMed Vision Care"
175,"Alegent Health"
176,"BCBS of South Carolina"
178,"Milliman"
179,"Delta Dental of Missouri"
180,"Delta Dental of Illinois"
181,"Delta Dental of Nebraska"
182,"Midlands Choice"
183,"Regence Blue Shield"
184,"Delta Dental of the Mid-Atlantic"
186,"Priority Health"
187,"Fallon Community Health Plan"
190,"Preferred Care"
191,"BlueShield of NE New York"
192,"HealthNow"
193,"BCBS Western New York"
194,"Schaller Anderson"
195,"Medata"
196,"MVP Health Care"
197,"Southern Health"
198,"Coventry of Delaware"
199,"Coventry of Louisiana"
200,"OmniCare"
201,"Coventry of Oklahoma"
202,"Coventry of Georgia"
203,"ppoNEXT"
204,"Universal Health Network"
205,"Neighborhood Health Plan"
206,"Neighborhood Health Plan of Rhode Island"
207,"Asuris Northwest Health"
208,"BCBS of Alabama"
209,"Castle Connolly"
210,"BCBS of Louisiana"
211,"BCBS of Arkansas (BCBS AR)"
212,"BCBS of Mississippi"
214,"HealthSmart"
215,"Ball-Peoples"
216,"US Health Group"
217,"Arizona Foundation for Medical Care"
219,"Guardian Dental"
221,"UHC Community and State"
222,"UHC Medicare and Retirement"
223,"Warner Pacific"
224,"Parkview"
230,"Doctor Evidence"
232,"Frost Insurance Agency"
233,"DenteMax"
234,"Black, Gould & Assoc"
240,"Treo Solutions"
243,"Kaiser Permanente"
247,"ODS"
248,"Community Health Group"
249,"Health Alliance Medical Plans"
250,"HealthSparq"
251,"New Jersey Education Association"
256,"Magellan Health Services"
257,"Market360 Client"
258,"Bravo Health"
259,"Health New England"
261,"Schumacher and Walker"
262,"Vermont Managed Care"
263,"Lovelace"
264,"Sharp Health Plan"
266,"Employee Benefit Solutions"
267,"MagnaCare"
268,"Alight"
269,"Cambia Health Solutions"
270,"Dental Select"
271,"Regence BlueShield of Idaho"
272,"Regence BCBS of Utah"
273,"Virginia Health Network"
274,"Corporate Synergies Group"
275,"Ancillary Care Services"
276,"American CareSource Holdings"
277,"Texas True Choice"
280,"HealthLink"
281,"LA Care"
282,"QualCare"
283,"Centene"
284,"Independent Health"
286,"Physicians Plus Insurance Corporation"
287,"Hometown Health"
288,"New West Health Services, Inc."
289,"Physicians Health Plan of Mid-Michigan"
290,"ProviDRs Care Network"
291,"Fortified Provider Network, Inc."
292,"HealthyStart"
293,"Care1st Health Plan"
294,"AlohaCare"
295,"Anthem Colorado"
296,"The i/mx Companies, Inc."
297,"Premier WorkComp Management"
299,"HealthCare Insight"
300,"Martin's Point Health Care"
301,"Unum"
302,"Mark Farrah Associates"
303,"HealthSpring"
304,"Chinese Community Health Plan"
305,"Inland Empire Health Plan"
306,"Idaho Physicians Network"
307,"UCare Minnesota"
308,"Sedgwick CMS"
309,"Principal Financial Group"
311,"Blue Cross Blue Shield of North Dakota"
312,"HealthEOS"
313,"CommunityCare Oklahoma"
314,"Community Care, Inc. - Wisconsin"
315,"Rocky Mountain Health Plans"
316,"Delta Dental of California"
317,"Delta Dental of New Jersey"
318,"Health Partners (PA)"
321,"OneNet PPO"
322,"SuperMed"
323,"CIGNA Behavioral Health"
324,"BenefitMall"
326,"Delta Dental of Michigan"
327,"Midwestern Dental Plan"
328,"SVS Vision"
329,"AudioNet"
330,"Medco"
331,"TheraMatrix"
332,"Univera Healthcare"
333,"Advantage Health"
334,"MercyCare Health Plan"
335,"HealthCare Partners"
336,"Sentara Health Plans, Inc."
337,"Unity Health Insurance"
338,"MedCost"
339,"Assurant Health"
340,"Gateway Health Plan"
341,"First Dental Health"
343,"CareSource"
344,"Coventry of Florida"
348,"IQVIA"
356,"Scott and White Health Plan"
359,"GENEX Services, Inc."
360,"Devon Health Services, Inc."
361,"Federated Insurance"
362,"Healthcare Data Solutions"
363,"eHealth, Inc."
364,"Health Plan of San Joaquin"
365,"HEOPS, Inc."
367,"Conduent"
370,"Lewin Group"
371,"KnowledgeBase Marketing"
372,"Affinity Health Plan"
373,"Blue Care Network of Michigan"
374,"Austin & Co., Inc."
375,"Emerson, Reid & Co."
376,"Alliant Health Plans"
377,"MMSI"
379,"NFP Corporate Services"
382,"XLHealth"
383,"Johnson Insurance"
384,"Aveta"
385,"Medica"
386,"Everyday Health"
389,"VSP"
390,"Co-Optical"
391,"Take Care Asia"
392,"Hawaii Medical Service Association"
393,"Delta Dental of Virginia"
394,"Caremark"
395,"Owensboro Community Health Network (OCHN)"
396,"Century Health Solutions, Inc."
397,"Dean Care"
398,"Oswald Companies"
399,"Humana Dental"
400,"Ambrose Employer Group, LLC"
401,"Wellcare Health Plan"
403,"CompBenefits Corporation"
404,"PPOplus"
405,"Express Scripts"
408,"First Choice of the Midwest, Inc."
409,"Mississippi Physicians Care Network (MPCN)"
410,"Washington Dental Service"
413,"Citrus Health Care"
414,"ESSENCE Healthcare"
415,"Hudson Health Plan"
416,"OptumRx"
417,"Employee Benefit Management Services"
419,"DGS Benefits"
420,"BCBS of Vermont"
421,"BCBS of Montana"
423,"Careington"
424,"Select Health of SC"
425,"Superior Health Plan"
426,"Castlight Health"
427,"New Directions Behavioral Health"
428,"Simply Healthcare Plans"
429,"Managed Health Network"
430,"Highmark BCBS of Delaware"
431,"Gallagher Benefit Services"
433,"America's PPO"
434,"GlobalCare, Inc."
435,"The StoneEagle Group"
436,"4MOST Health Network"
437,"Prominence Health Plan"
438,"Crawford Advisors, LLC"
439,"Delta Dental of Colorado"
440,"BCBS of North Dakota"
442,"Sierra Health Services"
443,"Arise Health Plan"
444,"BCBS of Wyoming"
445,"Availty"
446,"PPO USA"
447,"Healthplex"
448,"Spectera"
449,"Arkansas Managed Care Organization"
451,"Avera Health Plans"
453,"Baptist Health Services Group"
455,"AmeriHealth Caritas"
456,"MedTrak Services, LLC"
457,"1-800-DENTIST"
458,"Everence Financial"
459,"Oxford Health Plans"
461,"UHC E&I"
462,"Delta Dental of Wisconsin"
463,"Dental Network of America"
464,"Wortham Insurance & Risk Management"
465,"UHC Dental"
466,"Security Health Plan of Wisconsin, Inc."
469,"Horizon Healthcare Innovations"
470,"Direct Benefits, Inc."
471,"CGS Administrators, LLC"
472,"Florida Combined Life"
473,"SHPS"
474,"Delta Dental of Iowa"
476,"Delta Dental of Rhode Island"
477,"BetterDoctor"
478,"Careticker"
480,"Grid Dental"
481,"Park Dental"
483,"Combined Insurance Services"
484,"Beere & Purves"
489,"UnitedHealth Military & Veterans Services"
490,"CRM Innovation"
491,"Arizona Benefits Authority"
492,"Stratose"
502,"CBIZ"
503,"BCG"
506,"Meridian Health Plan"
507,"Boston Medical Center HeathNet Plan"
508,"GoodRx"
510,"HealthTap"
511,"Davis Vision"
512,"Vitals"
513,"Healthline Networks"
526,"Coventry Health Care of Texas"
528,"Evolent Health"
530,"Sharecare"
531,"Cedars Sinai"
532,"Health Plan Alliance"
533,"Omega Benefit Group"
535,"Dominion Dental Services, Inc."
536,"Dental Health Services"
537,"SecurityLife"
538,"Premier Access / Access Dental"
539,"National Association of Insurance Commissioners"
540,"Change Healthcare"
542,"Doximity"
546,"Doctor.com"
547,"ConnectedHealth"
548,"Moxe Health"
550,"POMCO Group"
552,"Total Dental Administrators, Inc."
553,"Renaissance Life & Health Ins. Company"
554,"Citizens Security Life Insurance Co."
555,"IHC Health Solutions"
557,"Coastal Dental"
558,"Nevada Dental Benefits"
559,"Kaiser Permanente Dental Care Program"
560,"Dental Care Plus Group Inc."
561,"BEST Life and Health Insurance Company"
562,"drchrono Inc."
564,"Liberty Dental Plan"
570,"Advantica"
571,"Sun Life Financial"
572,"DENCAP Dental Plans"
573,"DentaQuest/Great Dental Plans"
574,"Western Dental Services, Inc"
578,"California Dental Network, Inc./NADP 2012"
579,"Angie's List"
580,"Group Dental Service/NADP 2012"
581,"Avesis Third Party Admin. Inc."
582,"McKinsey & Company"
584,"Benefits Store"
585,"Independent Benefit Services"
586,"FIRST EAGLE INSURANCE SERVICES"
587,"American Insurance Brokers"
589,"Claremont Insurance Services"
590,"EbenConcepts"
591,"HealthPocket"
592,"Broker Benefit Solutions"
594,"Catholic Health Intiatives"
596,"SecureCare Dental, Inc"
597,"Dental Care Alliance"
601,"HealthExpense"
603,"Bukaty Companies"
604,"GenieMD"
605,"iTriage"
606,"Continuum Health Partners"
607,"Willis Towers Watson"
609,"US AccuScreen"
610,"Included Health"
611,"Liberty Mutual"
612,"Colorado Choice Health Plans"
613,"GetInsured"
614,"SeeChange Health"
615,"Consumers' Choice Health Plan"
616,"True Benefit"
617,"CorVel Corporation"
618,"Principal Life Insurance Company"
619,"SCIO Health Analytics"
621,"Healthfirst NY"
622,"Vistar Technologies"
623,"United Concordia"
624,"Maximus"
625,"Argus Dental Plan"
627,"Connecture"
629,"Liazon"
630,"Compass"
632,"HealthLink Dimensions"
633,"Health Republic Insurance"
634,"Amino"
635,"ADP"
636,"Inovalon"
637,"Hill Physicians"
639,"Digital Insurance"
640,"GoHealth (Norvax)"
641,"Maxwell Health"
642,"Array Health"
643,"Elation EMR"
644,"Bloom Health"
646,"Healthy Halo"
647,"Leavitt Partners"
648,"ValueOptions"
655,"Aetna Better Health"
656,"Land of Lincoln Health"
657,"Superior Dental Care Alliance of OH"
658,"Alegeus"
659,"BenefitFocus"
660,"Digital Benefits Marketplace"
661,"HealthPlan One"
662,"Flexible Benefit Service Corp"
664,"Softheon"
666,"United Benefit Advisors"
667,"Wellthie"
669,"Consumers Mutual Insurance of Michigan"
671,"The Advisory Board Company"
672,"Checkbook\Center for the Study of Services"
674,"Kaiser Family Foundation"
675,"CBIA Connecticut Business and Industry Association"
678,"Cerner"
679,"NavCare"
680,"Zest"
681,"Anthem"
682,"Meritus"
684,"Limelight Health"
685,"iCare Analytics"
686,"Picwell"
688,"LifeMap"
689,"SPX Corporation"
690,"Willis Towers Watson Retirees"
691,"Calvos Insurance"
692,"University of Pittsburgh Medical Center Health Plan (UPMC)"
693,"Obeo Health"
694,"Maverest Dental Network"
695,"American Enterprise Group, Inc"
696,"Standard Insurance Company"
697,"Nationwide Mutual Insurance"
698,"University of Pennsylvania"
700,"LifeWise Health Plan of Oregon"
701,"Avalere Health"
702,"Accenture"
703,"Keenan Associates"
705,"ATTAC Consulting Group LLC"
708,"Collective Health"
709,"Risk Consulting Partners"
712,"MIT"
713,"Hixme.com"
715,"Welvie"
716,"FirstCare Health Plans"
719,"benefitsCONNECT"
722,"Predilytics"
723,"Corporate Benefit Solutions"
724,"Businessolver, Inc."
725,"P&R Dental Strategies, Inc."
726,"Stride Health"
727,"Equity Risk Partners"
728,"Useagility"
730,"Senior Market Sales"
731,"Emdeon"
732,"Health Sherpa"
733,"Carrum Health"
734,"Zapquotes"
735,"Zenefits"
736,"The Children's Institute"
737,"USAA"
738,"Integrated Health Network of Wisconsin"
739,"Meritage Data"
741,"PokitDok"
742,"BenefitAlign"
743,"Maestro Health"
744,"Oscar Health Plan"
749,"Clear Health Analytics"
750,"MD Insider Inc"
751,"Acme Health"
752,"HealthGrove"
753,"CareLike"
754,"Amerigroup MD"
755,"Sapling Data"
756,"KindHealth"
757,"StriveBenefits/RecodeHealth"
758,"Equitable Life Insurance Company"
759,"American Well"
760,"MD Anderson Cancer Center"
761,"ACAExpress.com"
762,"Quartet Health"
763,"Veeva"
766,"Lyra Health"
767,"Lumity"
768,"Cenpatico"
769,"Northeast Delta Dental"
770,"Life & Specialty Ventures"
771,"First Continental Life (FCL)"
772,"Delta Dental of Arizona"
773,"Practice Evolutions"
774,"Delta Dental of Oklahoma"
775,"CBA Blue"
776,"Baker Tilly"
777,"Beam Dental"
778,"DSS Research"
779,"California Health Care Foundation (CHCF)"
780,"MyMedicalShopper.com"
782,"Zurich-American Insurance"
783,"World Insurance Company"
784,"Wisconsin Physician Services"
785,"Wisconsin Dental Services"
786,"WINHealth Partners Wyoming"
787,"Wichita Physicians Provider Association"
788,"WeyCo, Inc."
789,"Western Health Advantage"
790,"Wellpoint"
791,"Wellcare of Connecticut"
792,"WellCare HMO, Inc (Florida)"
793,"Welborn Health Plans"
794,"WEA Insurance Corporation"
795,"Wassau Health Plans"
796,"Washington National Insurance Company"
797,"Wasatch Crest PPO"
798,"WalMart Stores"
799,"Wal-Mart Idemnity"
800,"Walgreens"
801,"Vytra Healthcare"
802,"Acordia"
803,"ACS-Heritage Information System"
804,"ActiveHealth Management"
805,"Administrative Services"
808,"Advanced Insurance Services"
809,"Visiting Physicians Association"
810,"VMC Behaviorial Healthcare"
811,"Viva Health"
812,"Vista Health Plan"
813,"Vision Consulting Services"
814,"Vision Care, Inc."
815,"Vision Benefits of America"
816,"ViCare PPO (Virginia)"
817,"VHA Midlands Choice"
818,"Vantage Managed Care Network"
819,"Vantage Health Plan"
820,"Value Health"
821,"Valley Health Plan Wisconsin"
822,"Valley Health Plan"
823,"USWA Health & Welfare Plan"
824,"US Script, Inc."
827,"Kareo"
828,"Stanford"
829,"SelectCare"
831,"Paramount"
832,"The Health Plan"
833,"Medigold"
834,"PrimeTime"
835,"SummaCare"
836,"Universal American"
837,"Rx Savings Solutions"
838,"TreVia Digital Health"
839,"Gruppo Marcucci"
840,"TBD"
841,"Central CA Alliance for Health"
842,"Gusto"
843,"Vericred"
844,"mPulse mobile"
845,"Silvervue"
846,"HMA, Inc"
847,"Northern Illinois Health Plan"
848,"Hawaii Medical Assurance Association"
849,"Intermountain Healthcare"
850,"SelectHealth"
851,"Medical Card System"
852,"Medical Associates"
853,"Health First (FL)"
854,"AultCare"
855,"SCAN Healthplan"
856,"Willamette Dental"
857,"Sanford Health Plan"
858,"Employers Coalition on Health"
859,"Lifetime Benefit Solutions"
860,"Arizona Care Network"
861,"Rally Health"
862,"IPRO"
864,"Blue Ridge Capital"
865,"CalPERS"
866,"Ritter"
867,"Ease Central"
868,"HealthSpan Network"
869,"Fidelis Care"
870,"Network Health"
871,"Minutemen Health"
872,"Sutter Health Plus"
873,"Memorial Hermann Health Plan"
874,"Healthcare Bluebook"
875,"Indiana University Health Plans"
876,"Elevate Health Plans"
877,"CareMore"
878,"Simpler Horizions"
879,"Healthcare Highways"
882,"Covered California"
883,"Optum"
885,"Buck Consultants"
888,"Healthx"
889,"New Mexico Health Connections"
891,"Triple S"
892,"Aon Retiree Health Exchange"
893,"Enclarity"
894,"Berkley Accident and Health"
895,"Health Lucid"
896,"League"
897,"Innovation Health"
898,"Fidelity Health Marketplace"
899,"Rubicon MD"
900,"Zocdoc"
901,"Consultant"
902,"Community Eye Care"
903,"Healthplans.com"
904,"The Alliance"
905,"ChoiceAdmin"
906,"HCSC Boeing"
907,"Accolade Health"
908,"Imagine Health"
910,"Unravel Digital"
911,"WiserTogether"
912,"Christus Health Plan"
913,"Mede/Analytics"
914,"Wellmerica"
915,"PSA Financial"
916,"CMS"
917,"CareValue"
918,"Zelis Healthcare"
919,"State of New Mexico"
920,"Lincoln Financial Group"
921,"Quantros"
922,"PolicyGenius"
923,"VNSNY"
924,"Winston Financial"
925,"Crate Bind"
926,"Kim Test Company Test Lead"
927,"Lead Company Test"
928,"Test Lead Company"
929,"Sunflower Health Plan"
930,"Peach State Health Plan"
931,"Merck"
932,"COPE Health Solutions"
933,"Select Quote"
934,"bswift"
935,"National Association of Dental Plans (NADP)"
936,"Pangea"
937,"Washington Health Plan Finder"
938,"Carefree Insurance"
939,"BookMD"
940,"Intouch Solutions"
941,"hCentive"
942,"Hodges-Mace"
943,"Just Works"
944,"MMA Marketlink"
945,"The Olofson Group"
946,"Bridgeway Health Services (Centene)"
947,"My Insurance Solutions"
948,"CareValet"
950,"Konomos Group"
951,"Renew.com"
952,"Mylo"
953,"Empyrean"
954,"Louisiana Healthcare Connections - Centene LA"
955,"Magnolia Health Plan - Centene MS"
956,"Disruptive Insurance Products Corporation"
957,"Truven"
958,"IBM"
959,"Buckeye Health Plan (Centene OH)"
960,"Markit Medical"
961,"Sunfire Matrix"
962,"Cognizant"
963,"Plan Source"
964,"UHA"
965,"MHS Indiana (Centene IN)"
966,"Health Plan Services"
967,"Health Resources Inc."
968,"LISI"
969,"Patrick's Health Plan"
970,"American Hospital Directory"
971,"Test Plan"
972,"Shift Health Advisory"
974,"Surf Health"
975,"CaliforniaChoice"
976,"McLaren Health Plan"
977,"Centene PA (PA Health and Wellness)"
978,"Candor Insurance"
979,"Healthcare Data Management"
980,"Coordinated Care"
981,"AmeriBen"
982,"Central States Funds"
983,"Rogers Benefit Group"
984,"Celticare Health - Centene MA"
985,"Granite State Health Plan - Centene NH"
986,"Illinicare - Centene IL"
987,"Repisodic"
988,"Employers Dental Service"
989,"Health Markets"
990,"Humana Military"
991,"NTT Data"
992,"Renaissance Electronic Services"
993,"Baycare Health"
994,"CarePayment"
995,"Aaron Kaufman"
996,"Coventry Worker's Comp and Auto"
997,"Connexion"
998,"Medtronic"
999,"BridgeSpan Health"
1000,"Health Plan of the Upper Ohio Valley"
1001,"Care Oregon"
1002,"Community Health Plan of Washington"
1003,"MetroPlus Health Plan"
1004,"CarePlus Health Plans, Inc."
1005,"Clover Health"
1006,"Friday Health Plans"
1007,"Vibra Health"
1008,"Nevada Public Employees Benefit Fund"
1009,"National General Insurance"
1010,"Symphony Health"
1011,"DRG - Decision Resources Group"
1012,"Fox/Everett"
1013,"Quantum-Health"
1014,"Ernst&Young"
1015,"Newport Dental"
1016,"Bright Health Plan"
1017,"MyMedicareBot"
1018,"Beacon"
1019,"First Medical PR"
1020,"Menonita"
1021,"Molina PR"
1022,"MMM"
1023,"CarePartners of CT"
1024,"Meritain Health"
1025,"Allways Health Partners"
1026,"WatchTower Benefits, LLC"
1027,"Senior Whole Health"
1028,"Level Benefits, Inc."
1029,"Solv Health"
1030,"UMR"
1031,"HealthSCOPE Benefits, Inc."
1032,"e-Telequote Insurance"
1033,"Yaro"
1034,"Tranzact"
1035,"HealthPartners UnityPoint Health"
1036,"Devoted Health"
1037,"Altus Dental"
1038,"Benecare"
1039,"Brown & Brown - Detroit"
1040,"Companion Life"
1041,"Constant Analytics"
1042,"Delta Dental of Arkansas"
1044,"Delta Dental of Massachusetts"
1045,"Delta Dental of Minnesota"
1046,"Delta Dental of Tennessee"
1047,"Delta Dental of Washington"
1048,"Dental Actuarial Analytics (Ruark)"
1049,"Envolve Dental"
1050,"Familia Dental"
1051,"Heartland Dental"
1052,"Hylant Group"
1053,"Kansas City Life"
1054,"OpenCare"
1055,"Solstice Benefits"
1056,"Starmount"
1057,"USAble Life"
1058,"CHP Group"
1059,"Davis/Superior Vision (Versant Health)"
1060,"Essilor USA"
1061,"EyeMed"
1062,"MESVision"
1063,"National Vision Administrators"
1064,"Talkspace"
1065,"TotalECP"
1066,"Vision Benefits of America (VBA)"
1068,"WindRose Health Investors"
1069,"Right Choice"
1070,"Alignment Health Plan"
1071,"AdvantageMD"
1073,"Brand New Day"
1074,"HandsFree Health"
1075,"Health Net Federal Services, LLC"
1076,"PrimeTime Health Plan"
1077,"Paramount Healthcare, Inc."
1079,"Centivo"
1080,"KelseyCare Advantage"
1081,"HealthComp"
1082,"Spring Venture Group"
1083,"NCQA"
1084,"Optima Health"
1085,"EMI Health"
1086,"Providence St. Joseph Health Network"
1087,"SilverScript Insurance Company"
1088,"ComPsych"
1089,"Covenant Consulting"
1090,"Search&Save"
1091,"Ewings, LLC"
1092,"Allegiance"
1093,"Encore Connect"
1094,"Group Health Cooperative of South Central WI"
1095,"HealthJoy"
1096,"Golden Outlook Insurance Services, Inc."
1097,"Secova"
1098,"DrChrono"
1099,"GreatData"
1100,"EnterMedicare"
1101,"Senior Care Benefits"
1102,"MedicareBenefits.com"
1103,"BAS Health"
1104,"Health Partners Plans"
1105,"NeuGen"
1106,"Delta Vision"
1107,"Aspire"
1108,"Which Docs"
1109,"Benefytt"
1110,"Five Lakes"
1111,"HPOne"
1112,"Benefit & Risk Management Services"
1113,"Community Health Options"
1114,"SUPPLIER - WebX Team"
1115,"Cigna Vision"
1116,"Sidecar Health"
1117,"QuotIt (National General)"
1118,"NAMCI Alabama Premier Network"
1119,"Clever Care"
1120,"Community Health"
1121,"Zing Health"
1122,"Global Health"
1123,"Messer Financial Group"
1124,"AccessHope"
1125,"Smylen"
1126,"Prime Therapeutics"
1127,"IngenioRx"
1128,"Assurance"
1129,"HealthNow - National"
1130,"Advise Insurance"
1131,"Peoples Health"
1132,"Banner Health"
1133,"MarPai Health"
1134,"FrontPath"
1135,"CVS Pharmacy"
1136,"Ensign"
1137,"Chapter Medicare"
1138,"RightwayRX"
1139,"Dr. Zeus Inc."
1141,"Alma Health"
1142,"Point32 Health Services"
1143,"Florida Dental Benefits"
1144,"NCPDP"
1145,"St. Luke’s Health Partners"
1146,"Denver Health"
1147,"EnlivenHealth"
1148,"Elite"
1149,"Enlace Health"
1150,"CSG Actuarial"
1151,"Clear Spring Health"
1152,"MedBen"
1153,"Senior Choice Plans"
1154,"AGA"
1155,"Navitus"
1156,"KeyStone"
1157,"SIHO/MyTruAdvantage"
1158,"BMC HealthNet Plan"
1159,"Wisconsin Health Fund"
1160,"Specialty Dental Brands"
1161,"Highmark - National"
1162,"Parkview Health"
1163,"IMA Financial Group"
1164,"WebTPA"
1165,"Mass General Brigham Health"
1166,"Health Payment Systems (HPS)"
1167,"Employer Health Network"
1168,"Sapphire"
1169,"SureBridge"
1170,"My Practice My Business"
1171,"Evolutions Healthcare"
1172,"OhioHealthy Medical Plan"
1174,"Pacific Life"
1175,"Atrio Health Plan"
1176,"Optimum Healthcare"
1177,"Curative"
1178,"Dearborn"
1179,"MedImpact"
1180,"H-E-B Wellness"
1181,"Elderplan"
1182,"VNS Health"
1183,"Tayler Tech"
1184,"Surest"
1185,"Garner Health"
1186,"Freedom Health"
1187,"Evolve NXT"
1188,"TOG"
1189,"HealthSun"
1190,"XO Health"
1191,"Federal Government Solutions LLC"
1192,"Demo"
1193,"Test Medicare Health Plan - Test Use Only"
1194,"Sensentia"
1195,"Prime Health Services"
1196,"Ascendant Healthcare"
1197,"Mass Advantage"
1198,"Gold Kidney"
1199,"JBS"
1200,"Capital Rx"
1201,"MedOne"
1202,"eternalHealth"
1204,"Blue Cross Blue Shield Idaho (BCBS Idaho)"
1205,"Global Restrictions Test Organization"
1206,"HRI Dental & Vision"
1207,"Emergient"
1208,"Commonwealth Care Alliance"
1209,"Health Team Advantage"
1210,"Imperial Health"
1211,"Quartz Health Solutions, Inc"
1212,"Astiva"
1213,"Peak Health"
1214,"Sonder Health"
1215,"UCLA Health Plan"
1216,"Liberty Advantage"
1217,"Pruitt Health"
1218,"Qualexa Healthcare"
1219,"Simpra Advantage"
1220,"VillageCareMax"
1221,"John Hopkins Health Plan"
1223,"Imagine 360"
1224,"American Workers"
1225,"Amwins"
1226,"MedStar"
1227,"VeracityRx"
1228,"Promedica"
1229,"Jefferson Health Plan"